jogo_terminado,id_jogo,ano_copa,time,mandante,oponente,vitoria,empate,derrota,gols_marcados,gols_tomados,escanteios_afavor,gols_marcados_primeiro_tempo,gols_tomados_primeiro_tempo,abriu_placar,ambos_marcaram,cartoes_amarelos,cartoes_vermelhos,faltas_cometidas,posse_bola,chutes,chutes_gol,precisao_chute,ranking_fifa_time,ranking_fifa_oponente,diferenca_ranking,zebra
1,1,2010,South Africa,1,Mexico,0,1,0,1,1,4,0,0,1,1,2,0,17,42,10,6,0.6,465.90909090909093,868.9090909090909,-402.99999999999994,0
1,1,2010,Mexico,0,South Africa,0,1,0,1,1,5,0,0,0,1,2,0,13,58,13,6,0.4615384615384616,868.9090909090909,465.90909090909093,402.99999999999994,0
1,2,2010,Uruguay,1,France,0,1,0,0,0,0,0,0,0,0,3,1,13,49,7,4,0.5714285714285714,1048.090909090909,970.4545454545456,77.63636363636351,1
1,2,2010,France,0,Uruguay,0,1,0,0,0,4,0,0,0,0,3,0,20,51,13,4,0.3076923076923077,970.4545454545456,1048.090909090909,-77.63636363636351,1
1,3,2010,South Korea,1,Greece,1,0,0,2,0,6,1,0,1,0,0,0,14,51,12,8,0.6666666666666666,638.2727272727273,1006.9090909090908,-368.6363636363636,0
1,3,2010,Greece,0,South Korea,0,0,1,0,2,11,0,1,0,0,1,0,12,49,8,3,0.375,1006.9090909090908,638.2727272727273,368.6363636363636,0
1,4,2010,Argentina,1,Nigeria,1,0,0,1,0,10,1,0,1,0,1,0,7,59,16,8,0.5,1213,809.7272727272727,403.27272727272725,0
1,4,2010,Nigeria,0,Argentina,0,0,1,0,1,4,0,1,0,0,1,0,8,41,10,2,0.2,809.7272727272727,1213,-403.27272727272725,0
1,5,2010,England,1,United States,0,1,0,1,1,7,1,1,1,1,3,0,12,57,16,9,0.5625,1139.2727272727273,920.2727272727273,219,1
1,5,2010,United States,0,England,0,1,0,1,1,4,1,1,0,1,3,0,12,43,12,5,0.4166666666666667,920.2727272727273,1139.2727272727273,-219,1
1,6,2010,Algeria,1,Slovenia,0,0,1,0,1,4,0,0,0,0,2,1,16,52,11,3,0.2727272727272727,763.8181818181819,875.1818181818181,-111.36363636363626,0
1,6,2010,Slovenia,0,Algeria,1,0,0,1,0,3,0,0,1,0,2,0,10,48,7,5,0.7142857142857143,875.1818181818181,763.8181818181819,111.36363636363626,0
1,7,2010,Serbia,1,Ghana,0,0,1,0,1,4,0,0,0,0,3,1,10,51,11,3,0.2727272727272727,922.3636363636364,853.0909090909091,69.27272727272725,1
1,7,2010,Ghana,0,Serbia,1,0,0,1,0,4,0,0,1,0,2,0,15,49,13,4,0.3076923076923077,853.0909090909091,922.3636363636364,-69.27272727272725,1
1,8,2010,Germany,1,Australia,1,0,0,4,0,4,2,0,1,0,2,0,10,59,17,11,0.6470588235294118,1327.2727272727273,874.3636363636364,452.9090909090909,0
1,8,2010,Australia,0,Germany,0,0,1,0,4,7,0,2,0,0,3,1,18,41,9,3,0.3333333333333333,874.3636363636364,1327.2727272727273,-452.9090909090909,0
1,9,2010,Netherlands,1,Denmark,1,0,0,2,0,6,0,0,1,0,2,0,13,56,15,8,0.5333333333333333,1493.6363636363635,789.9090909090909,703.7272727272729,0
1,9,2010,Denmark,0,Netherlands,0,0,1,0,2,2,0,0,0,0,1,0,20,44,8,4,0.5,789.9090909090909,1493.6363636363635,-703.7272727272729,0
1,10,2010,Japan,1,Cameroon,1,0,0,1,0,0,1,0,1,0,1,0,20,45,5,5,1,735.9090909090909,782,-46.09090909090912,0
1,10,2010,Cameroon,0,Japan,0,0,1,0,1,3,0,1,0,0,1,0,29,55,8,4,0.5,782,735.9090909090909,46.09090909090912,0
1,11,2010,Italy,1,Paraguay,0,1,0,1,1,8,0,1,0,1,1,0,15,54,8,6,0.75,1070.5454545454545,860.5454545454545,210,1
1,11,2010,Paraguay,0,Italy,0,1,0,1,1,4,1,0,1,1,1,0,15,46,8,2,0.25,860.5454545454545,1070.5454545454545,-210,1
1,12,2010,New Zealand,1,Slovakia,0,1,0,1,1,3,0,0,0,1,2,0,17,55,8,3,0.375,483.72727272727275,821.2727272727273,-337.5454545454545,0
1,12,2010,Slovakia,0,New Zealand,0,1,0,1,1,10,0,0,1,1,1,0,15,45,12,4,0.3333333333333333,821.2727272727273,483.72727272727275,337.5454545454545,0
1,13,2010,Ivory Coast,1,Portugal,0,1,0,0,0,6,0,0,0,0,2,0,18,50,6,2,0.3333333333333333,856.7272727272727,1143.3636363636365,-286.6363636363635,0
1,13,2010,Portugal,0,Ivory Coast,0,1,0,0,0,4,0,0,0,0,1,0,13,50,8,3,0.375,1143.3636363636365,856.7272727272727,286.6363636363635,0
1,14,2010,Brazil,1,North Korea,1,0,0,2,1,7,0,0,1,1,1,0,9,65,23,11,0.4782608695652174,1540.4545454545455,NA,NA,0
1,14,2010,North Korea,0,Brazil,0,0,1,1,2,3,0,0,0,1,0,0,10,35,11,4,0.3636363636363637,NA,1540.4545454545455,NA,0
1,15,2010,Honduras,1,Chile,0,0,1,0,1,4,0,1,0,0,1,0,15,45,6,3,0.5,652.2727272727273,957,-304.72727272727275,0
1,15,2010,Chile,0,Honduras,1,0,0,1,0,6,1,0,1,0,2,0,21,55,18,6,0.3333333333333333,957,652.2727272727273,304.72727272727275,0
1,16,2010,Spain,1,Switzerland,0,0,1,0,1,12,0,0,0,0,0,0,8,68,21,8,0.380952380952381,1752.6363636363635,890.4545454545455,862.1818181818182,1
1,16,2010,Switzerland,0,Spain,1,0,0,1,0,3,0,0,1,0,4,0,21,32,8,5,0.625,890.4545454545455,1752.6363636363635,-862.1818181818182,1
1,17,2010,South Africa,1,Uruguay,0,0,1,0,3,3,0,1,0,0,2,1,13,53,9,4,0.4444444444444444,465.90909090909093,1048.090909090909,-582.181818181818,0
1,17,2010,Uruguay,0,South Africa,1,0,0,3,0,4,1,0,1,0,0,0,10,47,19,7,0.3684210526315789,1048.090909090909,465.90909090909093,582.181818181818,0
1,18,2010,Argentina,1,South Korea,1,0,0,4,1,6,2,1,1,1,3,0,19,58,22,12,0.5454545454545454,1213,638.2727272727273,574.7272727272727,0
1,18,2010,South Korea,0,Argentina,0,0,1,1,4,2,1,2,0,1,2,0,19,42,12,3,0.25,638.2727272727273,1213,-574.7272727272727,0
1,19,2010,Greece,1,Nigeria,1,0,0,2,1,11,1,1,0,1,3,0,13,56,23,12,0.5217391304347826,1006.9090909090908,809.7272727272727,197.18181818181813,0
1,19,2010,Nigeria,0,Greece,0,0,1,1,2,3,1,1,1,1,1,1,15,44,9,5,0.5555555555555556,809.7272727272727,1006.9090909090908,-197.18181818181813,0
1,20,2010,France,1,Mexico,0,0,1,0,2,7,0,0,0,0,2,0,22,53,11,5,0.4545454545454546,970.4545454545456,868.9090909090909,101.54545454545462,1
1,20,2010,Mexico,0,France,1,0,0,2,0,1,0,0,1,0,4,0,25,47,13,6,0.4615384615384616,868.9090909090909,970.4545454545456,-101.54545454545462,1
1,21,2010,Germany,1,Serbia,0,0,1,0,1,7,0,1,0,0,4,1,19,54,12,5,0.4166666666666667,1327.2727272727273,922.3636363636364,404.9090909090909,1
1,21,2010,Serbia,0,Germany,1,0,0,1,0,1,1,0,1,0,4,0,10,46,11,4,0.3636363636363637,922.3636363636364,1327.2727272727273,-404.9090909090909,1
1,22,2010,Slovenia,1,United States,0,1,0,2,2,2,2,0,1,1,4,0,15,52,7,5,0.7142857142857143,875.1818181818181,920.2727272727273,-45.09090909090912,0
1,22,2010,United States,0,Slovenia,0,1,0,2,2,4,0,2,0,1,1,0,18,48,13,7,0.5384615384615384,920.2727272727273,875.1818181818181,45.09090909090912,0
1,23,2010,England,1,Algeria,0,1,0,0,0,10,0,0,0,0,1,0,14,51,12,6,0.5,1139.2727272727273,763.8181818181819,375.4545454545454,1
1,23,2010,Algeria,0,England,0,1,0,0,0,3,0,0,0,0,1,0,13,49,7,2,0.2857142857142857,763.8181818181819,1139.2727272727273,-375.4545454545454,1
1,24,2010,Netherlands,1,Japan,1,0,0,1,0,4,0,0,1,0,1,0,18,62,8,6,0.75,1493.6363636363635,735.9090909090909,757.7272727272729,0
1,24,2010,Japan,0,Netherlands,0,0,1,0,1,5,0,0,0,0,0,0,11,38,11,4,0.3636363636363637,735.9090909090909,1493.6363636363635,-757.7272727272729,0
1,25,2010,Ghana,1,Australia,0,1,0,1,1,6,1,1,0,1,3,0,22,49,17,7,0.4117647058823529,853.0909090909091,874.3636363636364,-21.272727272727252,0
1,25,2010,Australia,0,Ghana,0,1,0,1,1,1,1,1,1,1,1,1,18,51,9,6,0.6666666666666666,874.3636363636364,853.0909090909091,21.272727272727252,0
1,26,2010,Cameroon,1,Denmark,0,0,1,1,2,7,1,1,1,1,2,0,9,62,17,9,0.5294117647058824,782,789.9090909090909,-7.909090909090878,0
1,26,2010,Denmark,0,Cameroon,1,0,0,2,1,2,1,1,0,1,2,0,12,38,10,7,0.7,789.9090909090909,782,7.909090909090878,0
1,27,2010,Slovakia,1,Paraguay,0,0,1,0,2,3,0,1,0,0,3,0,15,53,5,2,0.4,821.2727272727273,860.5454545454545,-39.27272727272725,0
1,27,2010,Paraguay,0,Slovakia,1,0,0,2,0,1,1,0,1,0,1,0,17,47,12,6,0.5,860.5454545454545,821.2727272727273,39.27272727272725,0
1,28,2010,Italy,1,New Zealand,0,1,0,1,1,15,1,1,0,1,0,0,11,62,16,7,0.4375,1070.5454545454545,483.72727272727275,586.8181818181818,1
1,28,2010,New Zealand,0,Italy,0,1,0,1,1,0,1,1,1,1,3,0,25,38,4,2,0.5,483.72727272727275,1070.5454545454545,-586.8181818181818,1
1,29,2010,Brazil,1,Ivory Coast,1,0,0,3,1,4,1,0,1,1,1,1,17,59,11,7,0.6363636363636364,1540.4545454545455,856.7272727272727,683.7272727272727,0
1,29,2010,Ivory Coast,0,Brazil,0,0,1,1,3,3,0,1,0,1,3,0,23,41,8,5,0.625,856.7272727272727,1540.4545454545455,-683.7272727272727,0
1,30,2010,Portugal,1,North Korea,1,0,0,7,0,5,1,0,1,0,2,0,16,53,23,14,0.6086956521739131,1143.3636363636365,NA,NA,0
1,30,2010,North Korea,0,Portugal,0,0,1,0,7,1,0,1,0,0,2,0,6,47,12,4,0.3333333333333333,NA,1143.3636363636365,NA,0
1,31,2010,Chile,1,Switzerland,1,0,0,1,0,5,0,0,1,0,6,0,21,60,16,7,0.4375,957,890.4545454545455,66.5454545454545,0
1,31,2010,Switzerland,0,Chile,0,0,1,0,1,3,0,0,0,0,3,1,25,40,7,0,0,890.4545454545455,957,-66.5454545454545,0
1,32,2010,Spain,1,Honduras,1,0,0,2,0,12,1,0,1,0,0,0,9,65,15,8,0.5333333333333333,1752.6363636363635,652.2727272727273,1100.3636363636365,0
1,32,2010,Honduras,0,Spain,0,0,1,0,2,2,0,1,0,0,2,0,18,35,5,0,0,652.2727272727273,1752.6363636363635,-1100.3636363636365,0
1,33,2010,Mexico,1,Uruguay,0,0,1,0,1,6,0,1,0,0,2,0,20,63,8,3,0.375,868.9090909090909,1048.090909090909,-179.18181818181813,0
1,33,2010,Uruguay,0,Mexico,1,0,0,1,0,7,1,0,1,0,1,0,13,37,13,6,0.4615384615384616,1048.090909090909,868.9090909090909,179.18181818181813,0
1,34,2010,France,1,South Africa,0,0,1,1,2,3,0,2,0,1,1,1,9,50,11,6,0.5454545454545454,970.4545454545456,465.90909090909093,504.54545454545456,1
1,34,2010,South Africa,0,France,1,0,0,2,1,5,2,0,1,1,0,0,12,50,17,10,0.5882352941176471,465.90909090909093,970.4545454545456,-504.54545454545456,1
1,35,2010,Greece,1,Argentina,0,0,1,0,2,1,0,0,0,0,1,0,15,33,6,4,0.6666666666666666,1006.9090909090908,1213,-206.09090909090912,0
1,35,2010,Argentina,0,Greece,1,0,0,2,0,10,0,0,1,0,1,0,8,67,16,12,0.75,1213,1006.9090909090908,206.09090909090912,0
1,36,2010,Nigeria,1,South Korea,0,1,0,2,2,1,1,1,1,1,3,0,20,46,13,5,0.38461538461538464,809.7272727272727,638.2727272727273,171.4545454545455,1
1,36,2010,South Korea,0,Nigeria,0,1,0,2,2,7,1,1,0,1,1,0,11,54,16,9,0.5625,638.2727272727273,809.7272727272727,-171.4545454545455,1
1,37,2010,United States,1,Algeria,1,0,0,1,0,4,0,0,1,0,2,0,11,53,21,11,0.5238095238095238,920.2727272727273,763.8181818181819,156.45454545454538,0
1,37,2010,Algeria,0,United States,0,0,1,0,1,6,0,0,0,0,3,1,21,47,16,5,0.3125,763.8181818181819,920.2727272727273,-156.45454545454538,0
1,38,2010,Slovenia,1,England,0,0,1,0,1,2,0,1,0,0,3,0,19,46,12,7,0.5833333333333334,875.1818181818181,1139.2727272727273,-264.0909090909091,0
1,38,2010,England,0,Slovenia,1,0,0,1,0,11,1,0,1,0,1,0,20,54,14,9,0.6428571428571429,1139.2727272727273,875.1818181818181,264.0909090909091,0
1,39,2010,Australia,1,Serbia,1,0,0,2,1,5,0,0,1,1,3,0,24,43,11,7,0.6363636363636364,874.3636363636364,922.3636363636364,-48,0
1,39,2010,Serbia,0,Australia,0,0,1,1,2,6,0,0,0,1,2,0,10,57,17,7,0.4117647058823529,922.3636363636364,874.3636363636364,48,0
1,40,2010,Ghana,1,Germany,0,0,1,0,1,4,0,0,0,0,1,0,11,45,16,6,0.375,853.0909090909091,1327.2727272727273,-474.1818181818182,0
1,40,2010,Germany,0,Ghana,1,0,0,1,0,7,0,0,1,0,1,0,5,55,13,7,0.5384615384615384,1327.2727272727273,853.0909090909091,474.1818181818182,0
1,41,2010,Paraguay,1,New Zealand,0,1,0,0,0,2,0,0,0,0,2,0,12,61,14,6,0.42857142857142855,860.5454545454545,483.72727272727275,376.81818181818176,1
1,41,2010,New Zealand,0,Paraguay,0,1,0,0,0,0,0,0,0,0,1,0,18,39,4,0,0,483.72727272727275,860.5454545454545,-376.81818181818176,1
1,42,2010,Slovakia,1,Italy,1,0,0,3,2,6,1,0,1,1,4,0,20,46,11,5,0.4545454545454546,821.2727272727273,1070.5454545454545,-249.27272727272725,0
1,42,2010,Italy,0,Slovakia,0,0,1,2,3,3,0,1,0,1,4,0,17,54,16,7,0.4375,1070.5454545454545,821.2727272727273,249.27272727272725,0
1,43,2010,Denmark,1,Japan,0,0,1,1,3,7,0,2,0,1,3,0,22,55,14,7,0.5,789.9090909090909,735.9090909090909,54,1
1,43,2010,Japan,0,Denmark,1,0,0,3,1,2,2,0,1,1,2,0,10,45,15,10,0.6666666666666666,735.9090909090909,789.9090909090909,-54,1
1,44,2010,Cameroon,1,Netherlands,0,0,1,1,2,6,0,1,0,1,2,0,18,51,12,4,0.3333333333333333,782,1493.6363636363635,-711.6363636363637,0
1,44,2010,Netherlands,0,Cameroon,1,0,0,2,1,1,1,0,1,1,3,0,15,49,15,9,0.6,1493.6363636363635,782,711.6363636363637,0
1,45,2010,North Korea,1,Ivory Coast,0,0,1,0,3,0,0,2,0,0,0,0,13,37,7,5,0.7142857142857143,NA,856.7272727272727,NA,0
1,45,2010,Ivory Coast,0,North Korea,1,0,0,3,0,7,2,0,1,0,0,0,16,63,26,16,0.6153846153846154,856.7272727272727,NA,NA,0
1,46,2010,Portugal,1,Brazil,0,1,0,0,0,4,0,0,0,0,4,0,11,36,13,4,0.3076923076923077,1143.3636363636365,1540.4545454545455,-397.0909090909093,0
1,46,2010,Brazil,0,Portugal,0,1,0,0,0,7,0,0,0,0,3,0,18,64,17,6,0.35294117647058826,1540.4545454545455,1143.3636363636365,397.0909090909093,0
1,47,2010,Switzerland,1,Honduras,0,1,0,0,0,2,0,0,0,0,1,0,9,53,5,2,0.4,890.4545454545455,652.2727272727273,238.18181818181824,1
1,47,2010,Honduras,0,Switzerland,0,1,0,0,0,0,0,0,0,0,4,0,8,47,0,0,NA,652.2727272727273,890.4545454545455,-238.18181818181824,1
1,48,2010,Chile,1,Spain,0,0,1,1,2,3,0,2,0,1,3,1,21,38,9,5,0.5555555555555556,957,1752.6363636363635,-795.6363636363637,0
1,48,2010,Spain,0,Chile,1,0,0,2,1,4,2,0,1,1,0,0,13,62,9,4,0.4444444444444444,1752.6363636363635,957,795.6363636363637,0
1,49,2010,Uruguay,1,South Korea,1,0,0,2,1,3,1,0,1,1,0,0,12,42,13,9,0.6923076923076923,1048.090909090909,638.2727272727273,409.81818181818176,0
1,49,2010,South Korea,0,Uruguay,0,0,1,1,2,3,0,1,0,1,3,0,12,58,14,6,0.42857142857142855,638.2727272727273,1048.090909090909,-409.81818181818176,0
1,50,2010,United States,1,Ghana,0,0,1,1,2,5,0,1,0,1,3,0,11,47,17,7,0.4117647058823529,920.2727272727273,853.0909090909091,67.18181818181813,1
1,50,2010,Ghana,0,United States,1,0,0,2,1,4,1,0,1,1,2,0,18,53,14,7,0.5,853.0909090909091,920.2727272727273,-67.18181818181813,1
1,51,2010,Germany,1,England,1,0,0,4,1,4,2,1,1,1,1,0,7,50,15,8,0.5333333333333333,1327.2727272727273,1139.2727272727273,188,0
1,51,2010,England,0,Germany,0,0,1,1,4,6,1,2,0,1,1,0,6,50,17,10,0.5882352941176471,1139.2727272727273,1327.2727272727273,-188,0
1,52,2010,Argentina,1,Mexico,1,0,0,3,1,2,2,0,1,1,0,0,11,49,10,7,0.7,1213,868.9090909090909,344.0909090909091,0
1,52,2010,Mexico,0,Argentina,0,0,1,1,3,5,0,2,0,1,1,0,26,51,17,7,0.4117647058823529,868.9090909090909,1213,-344.0909090909091,0
1,53,2010,Netherlands,1,Slovakia,1,0,0,2,1,5,1,0,1,1,2,0,17,57,15,10,0.6666666666666666,1493.6363636363635,821.2727272727273,672.3636363636365,0
1,53,2010,Slovakia,0,Netherlands,0,0,1,1,2,2,0,1,0,1,3,0,19,43,10,4,0.4,821.2727272727273,1493.6363636363635,-672.3636363636365,0
1,54,2010,Brazil,1,Chile,1,0,0,3,0,8,2,0,1,0,2,0,14,49,18,7,0.3888888888888889,1540.4545454545455,957,583.4545454545455,0
1,54,2010,Chile,0,Brazil,0,0,1,0,3,6,0,2,0,0,3,0,18,51,11,4,0.3636363636363637,957,1540.4545454545455,-583.4545454545455,0
1,55,2010,Paraguay,1,Japan,0,1,0,0,0,6,0,0,0,0,1,0,26,60,10,6,0.6,860.5454545454545,735.9090909090909,124.63636363636364,1
1,55,2010,Japan,0,Paraguay,0,1,0,0,0,5,0,0,0,0,4,0,29,40,11,6,0.5454545454545454,735.9090909090909,860.5454545454545,-124.63636363636364,1
1,56,2010,Spain,1,Portugal,1,0,0,1,0,6,0,0,1,0,1,0,13,65,19,11,0.5789473684210527,1752.6363636363635,1143.3636363636365,609.2727272727275,0
1,56,2010,Portugal,0,Spain,0,0,1,0,1,3,0,0,0,0,1,1,18,35,10,4,0.4,1143.3636363636365,1752.6363636363635,-609.2727272727275,0
1,57,2010,Netherlands,1,Brazil,1,0,0,2,1,4,0,1,0,1,4,0,19,55,7,6,0.8571428571428571,1493.6363636363635,1540.4545454545455,-46.81818181818176,0
1,57,2010,Brazil,0,Netherlands,0,0,1,1,2,8,1,0,1,1,1,1,20,45,10,4,0.4,1540.4545454545455,1493.6363636363635,46.81818181818176,0
1,58,2010,Uruguay,1,Ghana,0,1,0,1,1,12,0,1,0,1,3,1,23,50,16,9,0.5625,1048.090909090909,853.0909090909091,194.9999999999999,1
1,58,2010,Ghana,0,Uruguay,0,1,0,1,1,8,1,0,1,1,3,0,23,50,19,8,0.42105263157894735,853.0909090909091,1048.090909090909,-194.9999999999999,1
1,59,2010,Argentina,1,Germany,0,0,1,0,4,5,0,1,0,0,2,0,20,59,20,8,0.4,1213,1327.2727272727273,-114.27272727272724,0
1,59,2010,Germany,0,Argentina,1,0,0,4,0,4,1,0,1,0,1,0,14,41,18,7,0.3888888888888889,1327.2727272727273,1213,114.27272727272724,0
1,60,2010,Paraguay,1,Spain,0,0,1,0,1,1,0,0,0,0,4,0,24,42,10,5,0.5,860.5454545454545,1752.6363636363635,-892.0909090909092,0
1,60,2010,Spain,0,Paraguay,1,0,0,1,0,7,0,0,1,0,2,0,11,58,14,6,0.42857142857142855,1752.6363636363635,860.5454545454545,892.0909090909092,0
1,61,2010,Uruguay,1,Netherlands,0,0,1,2,3,4,1,1,0,1,2,0,15,45,13,7,0.5384615384615384,1048.090909090909,1493.6363636363635,-445.54545454545473,0
1,61,2010,Netherlands,0,Uruguay,1,0,0,3,2,5,1,1,1,1,3,0,16,55,12,8,0.6666666666666666,1493.6363636363635,1048.090909090909,445.54545454545473,0
1,62,2010,Germany,1,Spain,0,0,1,0,1,6,0,0,0,0,0,0,9,49,4,3,0.75,1327.2727272727273,1752.6363636363635,-425.3636363636365,0
1,62,2010,Spain,0,Germany,1,0,0,1,0,7,0,0,1,0,0,0,7,51,12,5,0.4166666666666667,1752.6363636363635,1327.2727272727273,425.3636363636365,0
1,63,2010,Uruguay,1,Germany,0,0,1,2,3,6,1,1,0,1,1,0,13,44,14,8,0.5714285714285714,1048.090909090909,1327.2727272727273,-279.18181818181824,0
1,63,2010,Germany,0,Uruguay,1,0,0,3,2,12,1,1,1,1,3,0,11,56,17,8,0.4705882352941176,1327.2727272727273,1048.090909090909,279.18181818181824,0
1,64,2010,Netherlands,1,Spain,0,0,1,0,1,6,0,0,0,0,8,1,28,42,13,6,0.4615384615384616,1493.6363636363635,1752.6363636363635,-259,0
1,64,2010,Spain,0,Netherlands,1,0,0,1,0,8,0,0,1,0,5,0,19,58,19,7,0.3684210526315789,1752.6363636363635,1493.6363636363635,259,0
1,1,2014,Brazil,1,Croatia,1,0,0,3,1,7,1,1,0,1,2,0,5,63,13,5,0.38461538461538464,1222.4166666666667,939.8333333333334,282.58333333333337,0
1,1,2014,Croatia,0,Brazil,0,0,1,1,3,3,1,1,1,1,2,0,19,37,10,4,0.4,939.8333333333334,1222.4166666666667,-282.58333333333337,0
1,2,2014,Mexico,1,Cameroon,1,0,0,1,0,2,0,0,1,0,1,0,10,55,7,3,0.42857142857142855,909.75,595.6666666666666,314.08333333333337,0
1,2,2014,Cameroon,0,Mexico,0,0,1,0,1,5,0,0,0,0,1,0,10,45,12,4,0.3333333333333333,595.6666666666666,909.75,-314.08333333333337,0
1,3,2014,Spain,1,Netherlands,0,0,1,1,5,4,1,1,1,1,1,0,6,61,8,5,0.625,1335.75,1233.5,102.25,1
1,3,2014,Netherlands,0,Spain,1,0,0,5,1,1,1,1,0,1,3,0,18,39,6,6,1,1233.5,1335.75,-102.25,1
1,4,2014,Chile,1,Australia,1,0,0,3,1,3,2,1,1,1,1,0,10,59,7,5,0.7142857142857143,1043.0833333333333,458,585.0833333333333,0
1,4,2014,Australia,0,Chile,0,0,1,1,3,1,1,2,0,1,3,0,18,41,12,3,0.25,458,1043.0833333333333,-585.0833333333333,0
1,5,2014,Colombia,1,Greece,1,0,0,3,0,4,1,0,1,0,1,0,20,44,9,5,0.5555555555555556,1324.8333333333333,1024.8333333333333,300,0
1,5,2014,Greece,0,Colombia,0,0,1,0,3,4,0,1,0,0,2,0,13,56,13,8,0.6153846153846154,1024.8333333333333,1324.8333333333333,-300,0
1,6,2014,Uruguay,1,Costa Rica,0,0,1,1,3,5,1,0,1,1,3,1,21,57,7,3,0.42857142857142855,1188.9166666666667,868.8333333333334,320.08333333333337,1
1,6,2014,Costa Rica,0,Uruguay,1,0,0,3,1,6,0,1,0,1,0,0,17,43,10,2,0.2,868.8333333333334,1188.9166666666667,-320.08333333333337,1
1,7,2014,England,1,Italy,0,0,1,1,2,9,1,1,0,1,1,0,8,49,19,7,0.3684210526315789,1003.1666666666666,1097,-93.83333333333336,0
1,7,2014,Italy,0,England,1,0,0,2,1,2,1,1,1,1,0,0,11,51,10,4,0.4,1097,1003.1666666666666,93.83333333333336,0
1,8,2014,Ivory Coast,1,Japan,1,0,0,2,1,8,0,1,0,1,2,0,12,56,19,8,0.42105263157894735,847.1666666666666,596.25,250.91666666666663,0
1,8,2014,Japan,0,Ivory Coast,0,0,1,1,2,5,1,0,1,1,2,0,10,44,7,5,0.7142857142857143,596.25,847.1666666666666,-250.91666666666663,0
1,9,2014,Switzerland,1,Ecuador,1,0,0,2,1,8,0,1,0,1,1,0,9,52,13,6,0.4615384615384616,1143.3333333333333,845.25,298.08333333333326,0
1,9,2014,Ecuador,0,Switzerland,0,0,1,1,2,5,1,0,1,1,1,0,14,48,10,5,0.5,845.25,1143.3333333333333,-298.08333333333326,0
1,10,2014,France,1,Honduras,1,0,0,3,0,8,1,0,1,0,3,0,13,70,13,5,0.38461538461538464,1054.0833333333333,628.9166666666666,425.16666666666663,0
1,10,2014,Honduras,0,France,0,0,1,0,3,0,0,1,0,0,3,1,13,30,4,2,0.5,628.9166666666666,1054.0833333333333,-425.16666666666663,0
1,11,2014,Argentina,1,Bosnia-Herzegovina,1,0,0,2,1,2,1,0,1,1,1,0,10,57,11,5,0.4545454545454546,1395.75,NA,NA,0
1,11,2014,Bosnia-Herzegovina,0,Argentina,0,0,1,1,2,6,0,1,0,1,1,0,13,43,13,8,0.6153846153846154,NA,1395.75,NA,0
1,12,2014,Germany,1,Portugal,1,0,0,4,0,4,3,0,1,0,0,0,8,55,10,4,0.4,1524.3333333333333,1184.5,339.83333333333326,0
1,12,2014,Portugal,0,Germany,0,0,1,0,4,6,0,3,0,0,1,1,10,45,11,5,0.4545454545454546,1184.5,1524.3333333333333,-339.83333333333326,0
1,13,2014,Iran,1,Nigeria,0,1,0,0,0,2,0,0,0,0,1,0,18,25,7,3,0.42857142857142855,633.6666666666666,646.4166666666666,-12.75,0
1,13,2014,Nigeria,0,Iran,0,1,0,0,0,7,0,0,0,0,0,0,17,75,12,7,0.5833333333333334,646.4166666666666,633.6666666666666,12.75,0
1,14,2014,Ghana,1,United States,0,0,1,1,2,7,0,1,0,1,2,0,10,64,21,9,0.42857142857142855,708.9166666666666,961.75,-252.83333333333337,0
1,14,2014,United States,0,Ghana,1,0,0,2,1,3,1,0,1,1,0,0,11,36,8,6,0.75,961.75,708.9166666666666,252.83333333333337,0
1,15,2014,Belgium,1,Algeria,1,0,0,2,1,7,0,1,0,1,1,0,18,66,14,7,0.5,1243.75,870.0833333333334,373.66666666666663,0
1,15,2014,Algeria,0,Belgium,0,0,1,1,2,2,1,0,1,1,1,0,17,34,3,0,0,870.0833333333334,1243.75,-373.66666666666663,0
1,16,2014,Brazil,1,Mexico,0,1,0,0,0,4,0,0,0,0,2,0,14,50,12,7,0.5833333333333334,1222.4166666666667,909.75,312.66666666666674,1
1,16,2014,Mexico,0,Brazil,0,1,0,0,0,3,0,0,0,0,2,0,17,50,13,3,0.2307692307692308,909.75,1222.4166666666667,-312.66666666666674,1
1,17,2014,Russia,1,South Korea,0,1,0,1,1,4,0,0,0,1,1,0,15,54,13,6,0.4615384615384616,863.4166666666666,524.75,338.66666666666663,1
1,17,2014,South Korea,0,Russia,0,1,0,1,1,4,0,0,1,1,3,0,7,46,9,6,0.6666666666666666,524.75,863.4166666666666,-338.66666666666663,1
1,18,2014,Australia,1,Netherlands,0,0,1,2,3,3,1,1,1,1,1,0,17,50,6,3,0.5,458,1233.5,-775.5,0
1,18,2014,Netherlands,0,Australia,1,0,0,3,2,2,1,1,0,1,1,0,21,50,8,7,0.875,1233.5,458,775.5,0
1,19,2014,Spain,1,Chile,0,0,1,0,2,7,0,2,0,0,1,0,14,63,18,9,0.5,1335.75,1043.0833333333333,292.66666666666674,1
1,19,2014,Chile,0,Spain,1,0,0,2,0,1,2,0,1,0,2,0,13,37,6,3,0.5,1043.0833333333333,1335.75,-292.66666666666674,1
1,20,2014,Cameroon,1,Croatia,0,0,1,0,4,4,0,1,0,0,0,1,11,43,12,2,0.16666666666666666,595.6666666666666,939.8333333333334,-344.16666666666674,0
1,20,2014,Croatia,0,Cameroon,1,0,0,4,0,7,1,0,1,0,1,0,8,57,17,9,0.5294117647058824,939.8333333333334,595.6666666666666,344.16666666666674,0
1,21,2014,Colombia,1,Ivory Coast,1,0,0,2,1,5,0,0,1,1,0,0,12,40,8,5,0.625,1324.8333333333333,847.1666666666666,477.66666666666663,0
1,21,2014,Ivory Coast,0,Colombia,0,0,1,1,2,5,0,0,0,1,2,0,13,60,13,6,0.4615384615384616,847.1666666666666,1324.8333333333333,-477.66666666666663,0
1,22,2014,Uruguay,1,England,1,0,0,2,1,7,1,0,1,1,1,0,17,36,10,6,0.6,1188.9166666666667,1003.1666666666666,185.7500000000001,0
1,22,2014,England,0,Uruguay,0,0,1,1,2,6,0,1,0,1,1,0,13,64,13,8,0.6153846153846154,1003.1666666666666,1188.9166666666667,-185.7500000000001,0
1,23,2014,Japan,1,Greece,0,1,0,0,0,5,0,0,0,0,1,0,24,69,13,6,0.4615384615384616,596.25,1024.8333333333333,-428.58333333333326,0
1,23,2014,Greece,0,Japan,0,1,0,0,0,7,0,0,0,0,3,1,17,31,11,7,0.6363636363636364,1024.8333333333333,596.25,428.58333333333326,0
1,24,2014,Italy,1,Costa Rica,0,0,1,0,1,4,0,1,0,0,1,0,10,58,9,4,0.4444444444444444,1097,868.8333333333334,228.16666666666663,1
1,24,2014,Costa Rica,0,Italy,1,0,0,1,0,5,1,0,1,0,1,0,23,42,11,6,0.5454545454545454,868.8333333333334,1097,-228.16666666666663,1
1,25,2014,Switzerland,1,France,0,0,1,2,5,5,0,3,0,1,0,0,11,59,15,4,0.26666666666666666,1143.3333333333333,1054.0833333333333,89.25,1
1,25,2014,France,0,Switzerland,1,0,0,5,2,3,3,0,1,1,1,0,15,41,15,7,0.4666666666666667,1054.0833333333333,1143.3333333333333,-89.25,1
1,26,2014,Honduras,1,Ecuador,0,0,1,1,2,4,1,1,1,1,2,0,12,38,9,4,0.4444444444444444,628.9166666666666,845.25,-216.33333333333337,0
1,26,2014,Ecuador,0,Honduras,1,0,0,2,1,12,1,1,0,1,3,0,11,62,8,3,0.375,845.25,628.9166666666666,216.33333333333337,0
1,27,2014,Argentina,1,Iran,1,0,0,1,0,10,0,0,1,0,0,0,7,75,18,6,0.3333333333333333,1395.75,633.6666666666666,762.0833333333334,0
1,27,2014,Iran,0,Argentina,0,0,1,0,1,6,0,0,0,0,2,0,14,25,8,4,0.5,633.6666666666666,1395.75,-762.0833333333334,0
1,28,2014,Germany,1,Ghana,0,1,0,2,2,7,0,0,1,1,0,0,11,60,10,3,0.3,1524.3333333333333,708.9166666666666,815.4166666666666,1
1,28,2014,Ghana,0,Germany,0,1,0,2,2,3,0,0,0,1,1,0,17,40,14,6,0.42857142857142855,708.9166666666666,1524.3333333333333,-815.4166666666666,1
1,29,2014,Nigeria,1,Bosnia-Herzegovina,1,0,0,1,0,4,1,0,1,0,1,0,9,42,18,11,0.6111111111111112,646.4166666666666,NA,NA,0
1,29,2014,Bosnia-Herzegovina,0,Nigeria,0,0,1,0,1,4,0,1,0,0,1,0,7,58,16,7,0.4375,NA,646.4166666666666,NA,0
1,30,2014,Belgium,1,Russia,1,0,0,1,0,5,0,0,1,0,2,0,13,53,7,4,0.5714285714285714,1243.75,863.4166666666666,380.33333333333337,0
1,30,2014,Russia,0,Belgium,0,0,1,0,1,8,0,0,0,0,1,0,7,47,10,4,0.4,863.4166666666666,1243.75,-380.33333333333337,0
1,31,2014,South Korea,1,Algeria,0,0,1,2,4,7,0,3,0,1,2,0,13,53,9,4,0.4444444444444444,524.75,870.0833333333334,-345.33333333333337,0
1,31,2014,Algeria,0,South Korea,1,0,0,4,2,5,3,0,1,1,1,0,16,47,12,3,0.25,870.0833333333334,524.75,345.33333333333337,0
1,32,2014,United States,1,Portugal,0,1,0,2,2,6,0,1,0,1,1,0,10,48,12,7,0.5833333333333334,961.75,1184.5,-222.75,0
1,32,2014,Portugal,0,United States,0,1,0,2,2,4,1,0,1,1,0,0,13,52,17,6,0.35294117647058826,1184.5,961.75,222.75,0
1,33,2014,Australia,1,Spain,0,0,1,0,3,2,0,1,0,0,2,0,14,51,5,0,0,458,1335.75,-877.75,0
1,33,2014,Spain,0,Australia,1,0,0,3,0,6,1,0,1,0,1,0,9,49,7,5,0.7142857142857143,1335.75,458,877.75,0
1,34,2014,Netherlands,1,Chile,1,0,0,2,0,2,0,0,1,0,1,0,25,38,9,4,0.4444444444444444,1233.5,1043.0833333333333,190.4166666666667,0
1,34,2014,Chile,0,Netherlands,0,0,1,0,2,7,0,0,0,0,1,0,14,62,11,3,0.2727272727272727,1043.0833333333333,1233.5,-190.4166666666667,0
1,35,2014,Cameroon,1,Brazil,0,0,1,1,4,6,1,2,0,1,3,0,14,48,9,0,0,595.6666666666666,1222.4166666666667,-626.7500000000001,0
1,35,2014,Brazil,0,Cameroon,1,0,0,4,1,7,2,1,1,1,0,0,18,52,13,9,0.6923076923076923,1222.4166666666667,595.6666666666666,626.7500000000001,0
1,36,2014,Croatia,1,Mexico,0,0,1,1,3,7,0,0,0,1,1,1,17,53,9,4,0.4444444444444444,939.8333333333334,909.75,30.08333333333337,1
1,36,2014,Mexico,0,Croatia,1,0,0,3,1,9,0,0,1,1,2,0,11,47,10,3,0.3,909.75,939.8333333333334,-30.08333333333337,1
1,37,2014,Costa Rica,1,England,0,1,0,0,0,3,0,0,0,0,1,0,17,44,4,3,0.75,868.8333333333334,1003.1666666666666,-134.33333333333326,0
1,37,2014,England,0,Costa Rica,0,1,0,0,0,7,0,0,0,0,2,0,14,56,9,4,0.4444444444444444,1003.1666666666666,868.8333333333334,134.33333333333326,0
1,38,2014,Italy,1,Uruguay,0,0,1,0,1,3,0,0,0,0,2,1,19,54,8,4,0.5,1097,1188.9166666666667,-91.91666666666674,0
1,38,2014,Uruguay,0,Italy,1,0,0,1,0,3,0,0,1,0,2,0,19,46,12,5,0.4166666666666667,1188.9166666666667,1097,91.91666666666674,0
1,39,2014,Japan,1,Colombia,0,0,1,1,4,9,1,1,0,1,1,0,8,58,20,9,0.45,596.25,1324.8333333333333,-728.5833333333333,0
1,39,2014,Colombia,0,Japan,1,0,0,4,1,2,1,1,1,1,1,0,18,42,16,10,0.625,1324.8333333333333,596.25,728.5833333333333,0
1,40,2014,Greece,1,Ivory Coast,1,0,0,2,1,4,1,0,1,1,0,0,9,50,11,3,0.2727272727272727,1024.8333333333333,847.1666666666666,177.66666666666663,0
1,40,2014,Ivory Coast,0,Greece,0,0,1,1,2,7,0,1,0,1,3,0,21,50,9,4,0.4444444444444444,847.1666666666666,1024.8333333333333,-177.66666666666663,0
1,41,2014,Nigeria,1,Argentina,0,0,1,2,3,4,1,2,0,1,2,0,16,46,7,3,0.42857142857142855,646.4166666666666,1395.75,-749.3333333333334,0
1,41,2014,Argentina,0,Nigeria,1,0,0,3,2,12,2,1,1,1,0,0,6,54,16,11,0.6875,1395.75,646.4166666666666,749.3333333333334,0
1,42,2014,Bosnia-Herzegovina,1,Iran,1,0,0,3,1,6,1,0,1,1,1,0,18,59,8,4,0.5,NA,633.6666666666666,NA,0
1,42,2014,Iran,0,Bosnia-Herzegovina,0,0,1,1,3,5,0,1,0,1,1,0,16,41,5,3,0.6,633.6666666666666,NA,NA,0
1,43,2014,Honduras,1,Switzerland,0,0,1,0,3,8,0,2,0,0,1,0,18,64,18,9,0.5,628.9166666666666,1143.3333333333333,-514.4166666666666,0
1,43,2014,Switzerland,0,Honduras,1,0,0,3,0,1,2,0,1,0,0,0,16,36,13,9,0.6923076923076923,1143.3333333333333,628.9166666666666,514.4166666666666,0
1,44,2014,Ecuador,1,France,0,1,0,0,0,1,0,0,0,0,1,1,15,33,8,4,0.5,845.25,1054.0833333333333,-208.8333333333333,0
1,44,2014,France,0,Ecuador,0,1,0,0,0,7,0,0,0,0,0,0,6,67,17,10,0.5882352941176471,1054.0833333333333,845.25,208.8333333333333,0
1,45,2014,Portugal,1,Ghana,1,0,0,2,1,7,1,0,1,1,1,0,20,56,17,8,0.4705882352941176,1184.5,708.9166666666666,475.58333333333337,0
1,45,2014,Ghana,0,Portugal,0,0,1,1,2,4,0,1,0,1,3,0,15,44,15,4,0.26666666666666666,708.9166666666666,1184.5,-475.58333333333337,0
1,46,2014,United States,1,Germany,0,0,1,0,1,2,0,0,0,0,2,0,15,37,5,2,0.4,961.75,1524.3333333333333,-562.5833333333333,0
1,46,2014,Germany,0,United States,1,0,0,1,0,3,0,0,1,0,1,0,10,63,10,6,0.6,1524.3333333333333,961.75,562.5833333333333,0
1,47,2014,Algeria,1,Russia,0,1,0,1,1,3,0,1,0,1,3,0,16,43,9,7,0.7777777777777778,870.0833333333334,863.4166666666666,6.6666666666667425,1
1,47,2014,Russia,0,Algeria,0,1,0,1,1,4,1,0,1,1,2,0,13,57,10,5,0.5,863.4166666666666,870.0833333333334,-6.6666666666667425,1
1,48,2014,South Korea,1,Belgium,0,0,1,0,1,7,0,0,0,0,1,0,16,54,16,7,0.4375,524.75,1243.75,-719,0
1,48,2014,Belgium,0,South Korea,1,0,0,1,0,4,0,0,1,0,1,1,11,46,13,8,0.6153846153846154,1243.75,524.75,719,0
1,49,2014,Brazil,1,Chile,0,1,0,1,1,9,1,1,1,1,4,0,28,54,20,8,0.4,1222.4166666666667,1043.0833333333333,179.33333333333348,1
1,49,2014,Chile,0,Brazil,0,1,0,1,1,5,1,1,0,1,3,0,21,46,10,4,0.4,1043.0833333333333,1222.4166666666667,-179.33333333333348,1
1,50,2014,Colombia,1,Uruguay,1,0,0,2,0,3,1,0,1,0,1,0,18,51,9,6,0.6666666666666666,1324.8333333333333,1188.9166666666667,135.91666666666652,0
1,50,2014,Uruguay,0,Colombia,0,0,1,0,2,5,0,1,0,0,2,0,17,49,16,8,0.5,1188.9166666666667,1324.8333333333333,-135.91666666666652,0
1,51,2014,Netherlands,1,Mexico,1,0,0,2,1,10,0,0,0,1,0,0,6,58,12,5,0.4166666666666667,1233.5,909.75,323.75,0
1,51,2014,Mexico,0,Netherlands,0,0,1,1,2,2,0,0,1,1,3,0,11,42,12,6,0.5,909.75,1233.5,-323.75,0
1,52,2014,Costa Rica,1,Greece,0,1,0,1,1,3,0,0,1,1,5,1,22,47,6,2,0.3333333333333333,868.8333333333334,1024.8333333333333,-155.9999999999999,0
1,52,2014,Greece,0,Costa Rica,0,1,0,1,1,11,0,0,0,1,2,0,16,53,22,9,0.4090909090909091,1024.8333333333333,868.8333333333334,155.9999999999999,0
1,53,2014,France,1,Nigeria,1,0,0,2,0,12,0,0,1,0,1,0,12,52,12,6,0.5,1054.0833333333333,646.4166666666666,407.66666666666663,0
1,53,2014,Nigeria,0,France,0,0,1,0,2,9,0,0,0,0,0,0,12,48,5,3,0.6,646.4166666666666,1054.0833333333333,-407.66666666666663,0
1,54,2014,Germany,1,Algeria,1,0,0,2,1,10,0,0,0,1,1,0,12,60,24,15,0.625,1524.3333333333333,870.0833333333334,654.2499999999999,0
1,54,2014,Algeria,0,Germany,0,0,1,1,2,4,0,0,0,1,1,0,22,40,11,4,0.3636363636363637,870.0833333333334,1524.3333333333333,-654.2499999999999,0
1,55,2014,Argentina,1,Switzerland,1,0,0,1,0,13,0,0,1,0,3,0,20,60,21,10,0.47619047619047616,1395.75,1143.3333333333333,252.4166666666667,0
1,55,2014,Switzerland,0,Argentina,0,0,1,0,1,5,0,0,0,0,2,0,28,40,12,5,0.4166666666666667,1143.3333333333333,1395.75,-252.4166666666667,0
1,56,2014,Belgium,1,United States,1,0,0,2,1,19,0,0,0,1,1,0,26,49,33,19,0.5757575757575758,1243.75,961.75,282,0
1,56,2014,United States,0,Belgium,0,0,1,1,2,4,0,0,0,1,1,0,11,51,13,6,0.4615384615384616,961.75,1243.75,-282,0
1,57,2014,France,1,Germany,0,0,1,0,1,5,0,1,0,0,0,0,15,50,13,8,0.6153846153846154,1054.0833333333333,1524.3333333333333,-470.25,0
1,57,2014,Germany,0,France,1,0,0,1,0,3,1,0,1,0,2,0,18,50,6,4,0.6666666666666666,1524.3333333333333,1054.0833333333333,470.25,0
1,58,2014,Brazil,1,Colombia,1,0,0,2,1,4,1,0,1,1,2,0,27,45,12,5,0.4166666666666667,1222.4166666666667,1324.8333333333333,-102.41666666666652,0
1,58,2014,Colombia,0,Brazil,0,0,1,1,2,6,0,1,0,1,2,0,22,55,9,4,0.4444444444444444,1324.8333333333333,1222.4166666666667,102.41666666666652,0
1,59,2014,Argentina,1,Belgium,1,0,0,1,0,3,1,0,1,0,1,0,11,47,5,2,0.4,1395.75,1243.75,152,0
1,59,2014,Belgium,0,Argentina,0,0,1,0,1,4,0,1,0,0,2,0,13,53,11,3,0.2727272727272727,1243.75,1395.75,-152,0
1,60,2014,Netherlands,1,Costa Rica,0,1,0,0,0,11,0,0,0,0,2,0,15,72,12,9,0.75,1233.5,868.8333333333334,364.66666666666663,1
1,60,2014,Costa Rica,0,Netherlands,0,1,0,0,0,1,0,0,0,0,4,0,14,28,5,2,0.4,868.8333333333334,1233.5,-364.66666666666663,1
1,61,2014,Brazil,1,Germany,0,0,1,1,7,7,0,5,0,1,1,0,11,56,14,9,0.6428571428571429,1222.4166666666667,1524.3333333333333,-301.9166666666665,0
1,61,2014,Germany,0,Brazil,1,0,0,7,1,5,5,0,1,1,0,0,11,44,7,4,0.5714285714285714,1524.3333333333333,1222.4166666666667,301.9166666666665,0
1,62,2014,Netherlands,1,Argentina,0,1,0,0,0,4,0,0,0,0,2,0,16,52,7,3,0.42857142857142855,1233.5,1395.75,-162.25,0
1,62,2014,Argentina,0,Netherlands,0,1,0,0,0,4,0,0,0,0,1,0,9,48,8,5,0.625,1395.75,1233.5,162.25,0
1,63,2014,Brazil,1,Netherlands,0,0,1,0,3,4,0,2,0,0,3,0,14,56,10,3,0.3,1222.4166666666667,1233.5,-11.083333333333258,0
1,63,2014,Netherlands,0,Brazil,1,0,0,3,0,1,2,0,1,0,2,0,20,44,6,3,0.5,1233.5,1222.4166666666667,11.083333333333258,0
1,64,2014,Germany,1,Argentina,1,0,0,1,0,5,0,0,1,0,2,0,21,60,8,6,0.75,1524.3333333333333,1395.75,128.58333333333326,0
1,64,2014,Argentina,0,Germany,0,0,1,0,1,3,0,0,0,0,2,0,15,40,9,0,0,1395.75,1524.3333333333333,-128.58333333333326,0
1,1,2018,Russia,1,Saudi Arabia,1,0,0,5,0,6,2,0,1,0,1,0,22,38,11,8,0.7272727272727273,992.8333333333334,935.5,57.33333333333337,0
1,1,2018,Saudi Arabia,0,Russia,0,0,1,0,5,2,0,2,0,0,1,0,10,62,4,0,0,935.5,992.8333333333334,-57.33333333333337,0
1,2,2018,Egypt,1,Uruguay,0,0,1,0,1,0,0,0,0,0,2,0,12,41,7,4,0.5714285714285714,1061.3333333333333,1321.6666666666667,-260.3333333333335,0
1,2,2018,Uruguay,0,Egypt,1,0,0,1,0,5,0,0,1,0,0,0,6,59,12,6,0.5,1321.6666666666667,1061.3333333333333,260.3333333333335,0
1,3,2018,Morocco,1,Iran,0,0,1,0,1,5,0,0,0,0,1,0,22,67,10,4,0.4,1094,1151.8333333333333,-57.83333333333326,0
1,3,2018,Iran,0,Morocco,1,0,0,1,0,2,0,0,1,0,3,0,14,33,9,3,0.3333333333333333,1151.8333333333333,1094,57.83333333333326,0
1,4,2018,Portugal,1,Spain,0,1,0,3,3,4,2,1,1,1,1,0,12,33,7,4,0.5714285714285714,1514.5,1433.0833333333333,81.41666666666674,1
1,4,2018,Spain,0,Portugal,0,1,0,3,3,5,1,2,0,1,1,0,10,67,12,7,0.5833333333333334,1433.0833333333333,1514.5,-81.41666666666674,1
1,5,2018,France,1,Australia,1,0,0,2,1,5,0,0,1,1,1,0,16,55,11,6,0.5454545454545454,1490.3333333333333,1115.8333333333333,374.5,0
1,5,2018,Australia,0,France,0,0,1,1,2,1,0,0,0,1,3,0,19,45,5,2,0.4,1115.8333333333333,1490.3333333333333,-374.5,0
1,6,2018,Argentina,1,Iceland,0,1,0,1,1,10,1,1,1,1,0,0,10,77,18,8,0.4444444444444444,1480.8333333333333,1250.1666666666667,230.66666666666652,1
1,6,2018,Iceland,0,Argentina,0,1,0,1,1,2,1,1,0,1,0,0,15,23,8,3,0.375,1250.1666666666667,1480.8333333333333,-230.66666666666652,1
1,7,2018,Peru,1,Denmark,0,0,1,0,1,3,0,0,0,0,1,0,10,53,16,7,0.4375,1360.1666666666667,1366.8333333333333,-6.666666666666515,0
1,7,2018,Denmark,0,Peru,1,0,0,1,0,7,0,0,1,0,2,0,18,47,9,4,0.4444444444444444,1366.8333333333333,1360.1666666666667,6.666666666666515,0
1,8,2018,Croatia,1,Nigeria,1,0,0,2,0,6,1,0,1,0,2,0,20,54,10,3,0.3,1355,1052.4166666666667,302.58333333333326,0
1,8,2018,Nigeria,0,Croatia,0,0,1,0,2,5,0,1,0,0,1,0,16,46,10,3,0.3,1052.4166666666667,1355,-302.58333333333326,0
1,9,2018,Costa Rica,1,Serbia,0,0,1,0,1,5,0,0,0,0,2,0,18,52,7,4,0.5714285714285714,1193.4166666666667,1147.0833333333333,46.333333333333485,1
1,9,2018,Serbia,0,Costa Rica,1,0,0,1,0,4,0,0,1,0,2,0,15,48,10,4,0.4,1147.0833333333333,1193.4166666666667,-46.333333333333485,1
1,10,2018,Germany,1,Mexico,0,0,1,0,1,8,0,1,0,0,2,0,10,66,18,10,0.5555555555555556,1618.3333333333333,1324.0833333333333,294.25,1
1,10,2018,Mexico,0,Germany,1,0,0,1,0,1,1,0,1,0,2,0,16,34,12,5,0.4166666666666667,1324.0833333333333,1618.3333333333333,-294.25,1
1,11,2018,Brazil,1,Switzerland,0,1,0,1,1,7,1,0,1,1,1,0,11,54,16,6,0.375,1596.3333333333333,1434.3333333333333,162,1
1,11,2018,Switzerland,0,Brazil,0,1,0,1,1,2,0,1,0,1,3,0,19,46,7,3,0.42857142857142855,1434.3333333333333,1596.3333333333333,-162,1
1,12,2018,Sweden,1,South Korea,1,0,0,1,0,6,0,0,1,0,1,0,20,55,10,5,0.5,1282.8333333333333,1000.5833333333334,282.2499999999999,0
1,12,2018,South Korea,0,Sweden,0,0,1,0,1,5,0,0,0,0,2,0,23,45,3,0,0,1000.5833333333334,1282.8333333333333,-282.2499999999999,0
1,13,2018,Belgium,1,Panama,1,0,0,3,0,9,0,0,1,0,3,0,17,61,14,7,0.5,1561.6666666666667,996.4166666666666,565.2500000000001,0
1,13,2018,Panama,0,Belgium,0,0,1,0,3,3,0,0,0,0,5,0,18,39,7,3,0.42857142857142855,996.4166666666666,1561.6666666666667,-565.2500000000001,0
1,14,2018,Tunisia,1,England,0,0,1,1,2,2,1,1,0,1,0,0,14,39,5,2,0.4,1251.6666666666667,1373.25,-121.58333333333326,0
1,14,2018,England,0,Tunisia,1,0,0,2,1,7,1,1,1,1,1,0,8,61,17,9,0.5294117647058824,1373.25,1251.6666666666667,121.58333333333326,0
1,15,2018,Colombia,1,Japan,0,0,1,1,2,3,1,1,0,1,2,1,15,38,5,4,0.8,1341.3333333333333,1017,324.33333333333326,1
1,15,2018,Japan,0,Colombia,1,0,0,2,1,6,1,1,1,1,1,0,9,62,12,7,0.5833333333333334,1017,1341.3333333333333,-324.33333333333326,1
1,16,2018,Poland,1,Senegal,0,0,1,1,2,3,0,1,0,1,1,0,8,61,11,5,0.4545454545454546,1394.6666666666667,1209.9166666666667,184.75,1
1,16,2018,Senegal,0,Poland,1,0,0,2,1,3,1,0,1,1,2,0,15,39,7,3,0.42857142857142855,1209.9166666666667,1394.6666666666667,-184.75,1
1,17,2018,Russia,1,Egypt,1,0,0,3,1,7,0,0,1,1,1,0,11,49,10,4,0.4,992.8333333333334,1061.3333333333333,-68.49999999999989,0
1,17,2018,Egypt,0,Russia,0,0,1,1,3,4,0,0,0,1,1,0,10,51,10,2,0.2,1061.3333333333333,992.8333333333334,68.49999999999989,0
1,18,2018,Portugal,1,Morocco,1,0,0,1,0,5,1,0,1,0,1,0,19,45,7,3,0.42857142857142855,1514.5,1094,420.5,0
1,18,2018,Morocco,0,Portugal,0,0,1,0,1,7,0,1,0,0,1,0,23,55,14,5,0.35714285714285715,1094,1514.5,-420.5,0
1,19,2018,Uruguay,1,Saudi Arabia,1,0,0,1,0,3,1,0,1,0,0,0,10,47,10,4,0.4,1321.6666666666667,935.5,386.16666666666674,0
1,19,2018,Saudi Arabia,0,Uruguay,0,0,1,0,1,4,0,1,0,0,0,0,13,53,7,3,0.42857142857142855,935.5,1321.6666666666667,-386.16666666666674,0
1,20,2018,Iran,1,Spain,0,0,1,0,1,2,0,0,0,0,2,0,14,22,8,0,0,1151.8333333333333,1433.0833333333333,-281.25,0
1,20,2018,Spain,0,Iran,1,0,0,1,0,6,0,0,1,0,0,0,14,78,11,6,0.5454545454545454,1433.0833333333333,1151.8333333333333,281.25,0
1,21,2018,Denmark,1,Australia,0,1,0,1,1,3,1,1,1,1,2,0,7,47,11,6,0.5454545454545454,1366.8333333333333,1115.8333333333333,251,1
1,21,2018,Australia,0,Denmark,0,1,0,1,1,5,1,1,0,1,0,0,5,53,9,5,0.5555555555555556,1115.8333333333333,1366.8333333333333,-251,1
1,22,2018,France,1,Peru,1,0,0,1,0,5,1,0,1,0,2,0,11,43,11,5,0.4545454545454546,1490.3333333333333,1360.1666666666667,130.16666666666652,0
1,22,2018,Peru,0,France,0,0,1,0,1,3,0,1,0,0,2,0,15,57,9,3,0.3333333333333333,1360.1666666666667,1490.3333333333333,-130.16666666666652,0
1,23,2018,Argentina,1,Croatia,0,0,1,0,3,5,0,0,0,0,3,0,16,57,7,4,0.5714285714285714,1480.8333333333333,1355,125.83333333333326,1
1,23,2018,Croatia,0,Argentina,1,0,0,3,0,2,0,0,1,0,4,0,22,43,12,6,0.5,1355,1480.8333333333333,-125.83333333333326,1
1,24,2018,Brazil,1,Costa Rica,1,0,0,2,0,9,0,0,1,0,2,0,11,71,21,11,0.5238095238095238,1596.3333333333333,1193.4166666666667,402.9166666666665,0
1,24,2018,Costa Rica,0,Brazil,0,0,1,0,2,1,0,0,0,0,1,0,11,29,4,0,0,1193.4166666666667,1596.3333333333333,-402.9166666666665,0
1,25,2018,Nigeria,1,Iceland,1,0,0,2,0,6,0,0,1,0,1,0,9,61,11,5,0.4545454545454546,1052.4166666666667,1250.1666666666667,-197.75,0
1,25,2018,Iceland,0,Nigeria,0,0,1,0,2,5,0,0,0,0,0,0,10,39,9,4,0.4444444444444444,1250.1666666666667,1052.4166666666667,197.75,0
1,26,2018,Serbia,1,Switzerland,0,0,1,1,2,3,1,0,1,1,4,0,17,37,12,4,0.3333333333333333,1147.0833333333333,1434.3333333333333,-287.25,0
1,26,2018,Switzerland,0,Serbia,1,0,0,2,1,7,0,1,0,1,1,0,13,63,13,6,0.4615384615384616,1434.3333333333333,1147.0833333333333,287.25,0
1,27,2018,Belgium,1,Tunisia,1,0,0,5,2,5,3,1,1,1,0,0,12,49,21,13,0.6190476190476191,1561.6666666666667,1251.6666666666667,310,0
1,27,2018,Tunisia,0,Belgium,0,0,1,2,5,2,1,3,0,1,1,0,13,51,14,6,0.42857142857142855,1251.6666666666667,1561.6666666666667,-310,0
1,28,2018,South Korea,1,Mexico,0,0,1,1,2,7,0,1,0,1,4,0,24,41,9,7,0.7777777777777778,1000.5833333333334,1324.0833333333333,-323.4999999999999,0
1,28,2018,Mexico,0,South Korea,1,0,0,2,1,5,1,0,1,1,0,0,7,59,13,6,0.4615384615384616,1324.0833333333333,1000.5833333333334,323.4999999999999,0
1,29,2018,Germany,1,Sweden,1,0,0,2,1,8,0,1,0,1,1,1,12,75,12,7,0.5833333333333334,1618.3333333333333,1282.8333333333333,335.5,0
1,29,2018,Sweden,0,Germany,0,0,1,1,2,3,1,0,1,1,2,0,13,25,7,6,0.8571428571428571,1282.8333333333333,1618.3333333333333,-335.5,0
1,30,2018,England,1,Panama,1,0,0,6,1,3,5,0,1,1,1,0,13,59,10,8,0.8,1373.25,996.4166666666666,376.83333333333337,0
1,30,2018,Panama,0,England,0,0,1,1,6,2,0,5,0,1,3,0,13,41,8,3,0.375,996.4166666666666,1373.25,-376.83333333333337,0
1,31,2018,Japan,1,Senegal,0,1,0,2,2,2,1,1,0,1,2,0,8,56,6,4,0.6666666666666666,1017,1209.9166666666667,-192.9166666666667,0
1,31,2018,Senegal,0,Japan,0,1,0,2,2,5,1,1,1,1,3,0,15,44,13,8,0.6153846153846154,1209.9166666666667,1017,192.9166666666667,0
1,32,2018,Poland,1,Colombia,0,0,1,0,3,7,0,1,0,0,2,0,15,45,5,3,0.6,1394.6666666666667,1341.3333333333333,53.333333333333485,1
1,32,2018,Colombia,0,Poland,1,0,0,3,0,5,1,0,1,0,0,0,10,55,10,5,0.5,1341.3333333333333,1394.6666666666667,-53.333333333333485,1
1,33,2018,Uruguay,1,Russia,1,0,0,3,0,4,2,0,1,0,1,0,17,57,13,7,0.5384615384615384,1321.6666666666667,992.8333333333334,328.83333333333337,0
1,33,2018,Russia,0,Uruguay,0,0,1,0,3,2,0,2,0,0,2,1,18,43,3,2,0.6666666666666666,992.8333333333334,1321.6666666666667,-328.83333333333337,0
1,34,2018,Saudi Arabia,1,Egypt,1,0,0,2,1,7,1,1,0,1,0,0,7,64,19,9,0.47368421052631576,935.5,1061.3333333333333,-125.83333333333326,0
1,34,2018,Egypt,0,Saudi Arabia,0,0,1,1,2,2,1,1,1,1,2,0,16,36,7,2,0.2857142857142857,1061.3333333333333,935.5,125.83333333333326,0
1,35,2018,Iran,1,Portugal,0,1,0,1,1,1,0,1,0,1,2,0,16,26,7,3,0.42857142857142855,1151.8333333333333,1514.5,-362.66666666666674,0
1,35,2018,Portugal,0,Iran,0,1,0,1,1,5,1,0,1,1,4,0,11,74,12,5,0.4166666666666667,1514.5,1151.8333333333333,362.66666666666674,0
1,36,2018,Spain,1,Morocco,0,1,0,2,2,7,1,1,0,1,0,0,5,74,18,6,0.3333333333333333,1433.0833333333333,1094,339.08333333333326,1
1,36,2018,Morocco,0,Spain,0,1,0,2,2,1,1,1,1,1,6,0,17,26,6,4,0.6666666666666666,1094,1433.0833333333333,-339.08333333333326,1
1,37,2018,Denmark,1,France,0,1,0,0,0,4,0,0,0,0,1,0,10,32,4,3,0.75,1366.8333333333333,1490.3333333333333,-123.5,0
1,37,2018,France,0,Denmark,0,1,0,0,0,2,0,0,0,0,0,0,10,68,11,4,0.3636363636363637,1490.3333333333333,1366.8333333333333,123.5,0
1,38,2018,Australia,1,Peru,0,0,1,0,2,8,0,1,0,0,4,0,14,57,10,3,0.3,1115.8333333333333,1360.1666666666667,-244.33333333333348,0
1,38,2018,Peru,0,Australia,1,0,0,2,0,3,1,0,1,0,2,0,12,43,5,4,0.8,1360.1666666666667,1115.8333333333333,244.33333333333348,0
1,39,2018,Nigeria,1,Argentina,0,0,1,1,2,3,0,1,0,1,2,0,20,33,9,4,0.4444444444444444,1052.4166666666667,1480.8333333333333,-428.4166666666665,0
1,39,2018,Argentina,0,Nigeria,1,0,0,2,1,5,1,0,1,1,3,0,15,67,7,5,0.7142857142857143,1480.8333333333333,1052.4166666666667,428.4166666666665,0
1,40,2018,Iceland,1,Croatia,0,0,1,1,2,10,0,0,0,1,3,0,10,38,15,7,0.4666666666666667,1250.1666666666667,1355,-104.83333333333326,0
1,40,2018,Croatia,0,Iceland,1,0,0,2,1,5,0,0,1,1,2,0,11,62,11,3,0.2727272727272727,1355,1250.1666666666667,104.83333333333326,0
1,41,2018,South Korea,1,Germany,1,0,0,2,0,3,0,0,1,0,4,0,16,26,11,6,0.5454545454545454,1000.5833333333334,1618.3333333333333,-617.7499999999999,0
1,41,2018,Germany,0,South Korea,0,0,1,0,2,9,0,0,0,0,0,0,7,74,20,7,0.35,1618.3333333333333,1000.5833333333334,617.7499999999999,0
1,42,2018,Mexico,1,Sweden,0,0,1,0,3,7,0,0,0,0,3,0,14,66,12,4,0.3333333333333333,1324.0833333333333,1282.8333333333333,41.25,1
1,42,2018,Sweden,0,Mexico,1,0,0,3,0,3,0,0,1,0,2,0,11,34,15,6,0.4,1282.8333333333333,1324.0833333333333,-41.25,1
1,43,2018,Serbia,1,Brazil,0,0,1,0,2,5,0,1,0,0,3,0,13,42,8,3,0.375,1147.0833333333333,1596.3333333333333,-449.25,0
1,43,2018,Brazil,0,Serbia,1,0,0,2,0,9,1,0,1,0,0,0,7,58,10,7,0.7,1596.3333333333333,1147.0833333333333,449.25,0
1,44,2018,Switzerland,1,Costa Rica,0,1,0,2,2,6,1,0,1,1,3,0,9,62,10,4,0.4,1434.3333333333333,1193.4166666666667,240.91666666666652,1
1,44,2018,Costa Rica,0,Switzerland,0,1,0,2,2,5,0,1,0,1,3,0,14,38,13,7,0.5384615384615384,1193.4166666666667,1434.3333333333333,-240.91666666666652,1
1,45,2018,Japan,1,Poland,0,0,1,0,1,5,0,0,0,0,1,0,11,54,8,4,0.5,1017,1394.6666666666667,-377.66666666666674,0
1,45,2018,Poland,0,Japan,1,0,0,1,0,7,0,0,1,0,0,0,8,46,8,3,0.375,1394.6666666666667,1017,377.66666666666674,0
1,46,2018,Senegal,1,Colombia,0,0,1,0,1,1,0,0,0,0,1,0,15,40,8,4,0.5,1209.9166666666667,1341.3333333333333,-131.41666666666652,0
1,46,2018,Colombia,0,Senegal,1,0,0,1,0,3,0,0,1,0,1,0,15,60,4,3,0.75,1341.3333333333333,1209.9166666666667,131.41666666666652,0
1,47,2018,England,1,Belgium,0,0,1,0,1,7,0,0,0,0,0,0,11,46,9,3,0.3333333333333333,1373.25,1561.6666666666667,-188.4166666666667,0
1,47,2018,Belgium,0,England,1,0,0,1,0,2,0,0,1,0,2,0,14,54,8,5,0.625,1561.6666666666667,1373.25,188.4166666666667,0
1,48,2018,Panama,1,Tunisia,0,0,1,1,2,0,1,0,1,1,3,0,18,30,9,5,0.5555555555555556,996.4166666666666,1251.6666666666667,-255.2500000000001,0
1,48,2018,Tunisia,0,Panama,1,0,0,2,1,6,0,1,0,1,3,0,19,70,12,7,0.5833333333333334,1251.6666666666667,996.4166666666666,255.2500000000001,0
1,49,2018,France,1,Argentina,1,0,0,4,3,0,1,1,1,1,3,0,21,39,9,5,0.5555555555555556,1490.3333333333333,1480.8333333333333,9.5,0
1,49,2018,Argentina,0,France,0,0,1,3,4,4,1,1,0,1,5,0,15,61,6,5,0.8333333333333334,1480.8333333333333,1490.3333333333333,-9.5,0
1,50,2018,Uruguay,1,Portugal,1,0,0,2,1,2,1,0,1,1,0,0,13,32,6,4,0.6666666666666666,1321.6666666666667,1514.5,-192.8333333333333,0
1,50,2018,Portugal,0,Uruguay,0,0,1,1,2,10,0,1,0,1,1,0,13,68,14,6,0.42857142857142855,1514.5,1321.6666666666667,192.8333333333333,0
1,51,2018,Spain,1,Russia,0,1,0,1,1,6,1,1,1,1,1,0,5,78,17,10,0.5882352941176471,1433.0833333333333,992.8333333333334,440.2499999999999,1
1,51,2018,Russia,0,Spain,0,1,0,1,1,5,1,1,0,1,2,0,19,22,6,2,0.3333333333333333,992.8333333333334,1433.0833333333333,-440.2499999999999,1
1,52,2018,Croatia,1,Denmark,0,1,0,1,1,5,1,1,0,1,0,0,5,53,14,7,0.5,1355,1366.8333333333333,-11.833333333333258,0
1,52,2018,Denmark,0,Croatia,0,1,0,1,1,4,1,1,1,1,1,0,19,47,13,4,0.3076923076923077,1366.8333333333333,1355,11.833333333333258,0
1,53,2018,Brazil,1,Mexico,1,0,0,2,0,8,0,0,1,0,2,0,6,48,17,11,0.6470588235294118,1596.3333333333333,1324.0833333333333,272.25,0
1,53,2018,Mexico,0,Brazil,0,0,1,0,2,7,0,0,0,0,4,0,17,52,7,2,0.2857142857142857,1324.0833333333333,1596.3333333333333,-272.25,0
1,54,2018,Belgium,1,Japan,1,0,0,3,2,10,0,0,0,1,0,0,13,57,18,9,0.5,1561.6666666666667,1017,544.6666666666667,0
1,54,2018,Japan,0,Belgium,0,0,1,2,3,6,0,0,1,1,1,0,9,43,9,5,0.5555555555555556,1017,1561.6666666666667,-544.6666666666667,0
1,55,2018,Sweden,1,Switzerland,1,0,0,1,0,3,0,0,1,0,1,0,11,32,10,4,0.4,1282.8333333333333,1434.3333333333333,-151.5,0
1,55,2018,Switzerland,0,Sweden,0,0,1,0,1,11,0,0,0,0,2,1,13,68,9,5,0.5555555555555556,1434.3333333333333,1282.8333333333333,151.5,0
1,56,2018,Colombia,1,England,0,1,0,1,1,2,0,0,0,1,6,0,23,47,12,5,0.4166666666666667,1341.3333333333333,1373.25,-31.916666666666742,0
1,56,2018,England,0,Colombia,0,1,0,1,1,7,0,0,1,1,2,0,13,53,12,3,0.25,1373.25,1341.3333333333333,31.916666666666742,0
1,57,2018,Uruguay,1,France,0,0,1,0,2,4,0,1,0,0,2,0,17,38,11,5,0.4545454545454546,1321.6666666666667,1490.3333333333333,-168.66666666666652,0
1,57,2018,France,0,Uruguay,1,0,0,2,0,3,1,0,1,0,2,0,15,62,11,3,0.2727272727272727,1490.3333333333333,1321.6666666666667,168.66666666666652,0
1,58,2018,Brazil,1,Belgium,0,0,1,1,2,8,0,2,0,1,2,0,14,58,17,10,0.5882352941176471,1596.3333333333333,1561.6666666666667,34.666666666666515,1
1,58,2018,Belgium,0,Brazil,1,0,0,2,1,4,2,0,1,1,2,0,16,42,8,4,0.5,1561.6666666666667,1596.3333333333333,-34.666666666666515,1
1,59,2018,Sweden,1,England,0,0,1,0,2,1,0,1,0,0,2,0,10,42,6,4,0.6666666666666666,1282.8333333333333,1373.25,-90.41666666666674,0
1,59,2018,England,0,Sweden,1,0,0,2,0,6,1,0,1,0,1,0,7,58,7,3,0.42857142857142855,1373.25,1282.8333333333333,90.41666666666674,0
1,60,2018,Russia,1,Croatia,0,1,0,2,2,6,1,1,1,1,1,0,13,34,7,7,1,992.8333333333334,1355,-362.16666666666663,0
1,60,2018,Croatia,0,Russia,0,1,0,2,2,8,1,1,0,1,4,0,13,66,14,5,0.35714285714285715,1355,992.8333333333334,362.16666666666663,0
1,61,2018,France,1,Belgium,1,0,0,1,0,4,0,0,1,0,2,0,6,36,14,6,0.42857142857142855,1490.3333333333333,1561.6666666666667,-71.33333333333348,0
1,61,2018,Belgium,0,France,0,0,1,0,1,5,0,0,0,0,3,0,16,64,9,4,0.4444444444444444,1561.6666666666667,1490.3333333333333,71.33333333333348,0
1,62,2018,Croatia,1,England,1,0,0,2,1,8,0,1,0,1,2,0,23,55,19,8,0.42105263157894735,1355,1373.25,-18.25,0
1,62,2018,England,0,Croatia,0,0,1,1,2,4,1,0,1,1,1,0,14,45,9,3,0.3333333333333333,1373.25,1355,18.25,0
1,63,2018,Belgium,1,England,1,0,0,2,0,4,1,0,1,0,1,0,11,42,8,5,0.625,1561.6666666666667,1373.25,188.4166666666667,0
1,63,2018,England,0,Belgium,0,0,1,0,2,5,0,1,0,0,2,0,4,58,14,7,0.5,1373.25,1561.6666666666667,-188.4166666666667,0
1,64,2018,France,1,Croatia,1,0,0,4,2,2,2,1,1,1,2,0,13,34,7,7,1,1490.3333333333333,1355,135.33333333333326,0
1,64,2018,Croatia,0,France,0,0,1,2,4,6,1,2,0,1,1,0,13,66,14,5,0.35714285714285715,1355,1490.3333333333333,-135.33333333333326,0
1,1,2022,Qatar,1,Ecuador,0,0,1,0,2,1,0,2,0,0,4,0,15,47,6,0,0,1440.518,1460.626,-20.107999999999947,0
1,1,2022,Ecuador,0,Qatar,1,0,0,2,0,3,2,0,1,0,2,0,15,53,7,2,0.2857142857142857,1460.626,1440.518,20.107999999999947,0
1,2,2022,England,1,Iran,1,0,0,6,2,8,3,0,1,1,0,0,9,77,14,7,0.5,1744.124,1563.854,180.27,0
1,2,2022,Iran,0,England,0,0,1,2,6,0,0,3,0,1,2,0,14,23,9,2,0.2222222222222222,1563.854,1744.124,-180.27,0
1,3,2022,Senegal,1,Netherlands,0,0,1,0,2,6,0,0,0,0,2,0,13,46,17,4,0.2352941176470588,1586.872,1673.144,-86.27199999999993,0
1,3,2022,Netherlands,0,Senegal,1,0,0,2,0,7,0,0,1,0,1,0,13,54,11,3,0.2727272727272727,1673.144,1586.872,86.27199999999993,0
1,4,2022,United States,1,Wales,0,1,0,1,1,5,1,0,1,1,4,0,15,58,6,1,0.16666666666666666,1634.912,1580.034,54.87799999999993,1
1,4,2022,Wales,0,United States,0,1,0,1,1,3,0,1,0,1,2,0,10,42,6,2,0.3333333333333333,1580.034,1634.912,-54.87799999999993,1
1,5,2022,Argentina,1,Saudi Arabia,0,0,1,1,2,9,1,0,1,1,0,0,7,69,14,5,0.35714285714285715,1769.46,1437.58,331.8800000000001,1
1,5,2022,Saudi Arabia,0,Argentina,1,0,0,2,1,2,0,1,0,1,6,0,21,31,2,2,1,1437.58,1769.46,-331.8800000000001,1
1,6,2022,Denmark,1,Tunisia,0,1,0,0,0,11,0,0,0,0,2,0,9,61,11,5,0.4545454545454546,1661.13,1502.596,158.53399999999988,1
1,6,2022,Tunisia,0,Denmark,0,1,0,0,0,9,0,0,0,0,1,0,10,39,13,1,0.07692307692307693,1502.596,1661.13,-158.53399999999988,1
1,7,2022,Mexico,1,Poland,0,1,0,0,0,6,0,0,0,0,2,0,14,60,11,4,0.3636363636363637,1650.15,1543.154,106.9960000000001,1
1,7,2022,Poland,0,Mexico,0,1,0,0,0,5,0,0,0,0,1,0,15,40,5,1,0.2,1543.154,1650.15,-106.9960000000001,1
1,8,2022,France,1,Australia,1,0,0,4,1,8,2,1,0,1,0,0,5,62,23,6,0.2608695652173913,1773.096,1481.066,292.03,0
1,8,2022,Australia,0,France,0,0,1,1,4,1,1,2,1,1,3,0,11,38,4,1,0.25,1481.066,1773.096,-292.03,0
1,9,2022,Morocco,1,Croatia,0,1,0,0,0,0,0,0,0,0,1,0,16,36,8,2,0.25,1556.01,1630.358,-74.34799999999996,0
1,9,2022,Croatia,0,Morocco,0,1,0,0,0,5,0,0,0,0,0,0,11,64,5,1,0.2,1630.358,1556.01,74.34799999999996,0
1,10,2022,Germany,1,Japan,0,0,1,1,2,6,1,0,1,1,0,0,6,74,25,8,0.32,1653.398,1554.052,99.346,1
1,10,2022,Japan,0,Germany,1,0,0,2,1,6,0,1,0,1,0,0,14,26,12,4,0.3333333333333333,1554.052,1653.398,-99.346,1
1,11,2022,Spain,1,Costa Rica,1,0,0,7,0,5,3,0,1,0,0,0,8,81,16,7,0.4375,1712.604,1494.172,218.432,0
1,11,2022,Costa Rica,0,Spain,0,0,1,0,7,0,0,3,0,0,2,0,12,19,0,0,NA,1494.172,1712.604,-218.432,0
1,12,2022,Belgium,1,Canada,1,0,0,1,0,4,1,0,1,0,3,0,11,53,9,3,0.3333333333333333,1823.2,1479.892,343.308,0
1,12,2022,Canada,0,Belgium,0,0,1,0,1,4,0,1,0,0,2,0,14,47,21,2,0.09523809523809525,1479.892,1823.2,-343.308,0
1,13,2022,Switzerland,1,Cameroon,1,0,0,1,0,11,0,0,1,0,2,0,12,51,7,3,0.42857142857142855,1631.386,1480.528,150.85799999999995,0
1,13,2022,Cameroon,0,Switzerland,0,0,1,0,1,5,0,0,0,0,1,0,10,49,8,5,0.625,1480.528,1631.386,-150.85799999999995,0
1,14,2022,Uruguay,1,South Korea,0,1,0,0,0,4,0,0,0,0,1,0,7,56,10,1,0.1,1634.63,1524.982,109.64800000000014,1
1,14,2022,South Korea,0,Uruguay,0,1,0,0,0,3,0,0,0,0,1,0,10,44,7,0,0,1524.982,1634.63,-109.64800000000014,1
1,15,2022,Portugal,1,Ghana,1,0,0,3,2,3,0,0,1,1,2,0,14,62,10,4,0.4,1673.778,1388.992,284.78600000000006,0
1,15,2022,Ghana,0,Portugal,0,0,1,2,3,3,0,0,0,1,4,0,19,38,9,3,0.3333333333333333,1388.992,1673.778,-284.78600000000006,0
1,16,2022,Brazil,1,Serbia,1,0,0,2,0,6,0,0,1,0,0,0,7,59,23,9,0.391304347826087,1834.506,1551.518,282.98800000000006,0
1,16,2022,Serbia,0,Brazil,0,0,1,0,2,4,0,0,0,0,3,0,12,41,5,0,0,1551.518,1834.506,-282.98800000000006,0
1,17,2022,Qatar,1,Senegal,0,0,1,1,3,6,0,1,0,1,3,0,7,45,10,3,0.3,1440.518,1586.872,-146.35400000000004,0
1,17,2022,Senegal,0,Qatar,1,0,0,3,1,6,1,0,1,1,3,0,12,55,13,5,0.38461538461538464,1586.872,1440.518,146.35400000000004,0
1,18,2022,Netherlands,1,Ecuador,0,1,0,1,1,4,1,0,1,1,0,0,15,54,2,1,0.5,1673.144,1460.626,212.51800000000003,1
1,18,2022,Ecuador,0,Netherlands,0,1,0,1,1,2,0,1,0,1,1,0,12,46,15,4,0.26666666666666666,1460.626,1673.144,-212.51800000000003,1
1,19,2022,Wales,1,Iran,0,0,1,0,2,2,0,0,0,0,1,1,9,62,10,3,0.3,1580.034,1563.854,16.180000000000064,1
1,19,2022,Iran,0,Wales,1,0,0,2,0,7,0,0,1,0,2,0,10,38,21,6,0.2857142857142857,1563.854,1580.034,-16.180000000000064,1
1,20,2022,England,1,United States,0,1,0,0,0,3,0,0,0,0,0,0,9,55,8,3,0.375,1744.124,1634.912,109.212,1
1,20,2022,United States,0,England,0,1,0,0,0,7,0,0,0,0,0,0,15,45,10,1,0.1,1634.912,1744.124,-109.212,1
1,21,2022,Poland,1,Saudi Arabia,1,0,0,2,0,4,1,0,1,0,3,0,18,37,9,3,0.3333333333333333,1543.154,1437.58,105.57400000000008,0
1,21,2022,Saudi Arabia,0,Poland,0,0,1,0,2,5,0,1,0,0,2,0,15,63,15,4,0.26666666666666666,1437.58,1543.154,-105.57400000000008,0
1,22,2022,Argentina,1,Mexico,1,0,0,2,0,4,0,0,1,0,1,0,15,58,5,2,0.4,1769.46,1650.15,119.30999999999996,0
1,22,2022,Mexico,0,Argentina,0,0,1,0,2,2,0,0,0,0,4,0,12,42,4,1,0.25,1650.15,1769.46,-119.30999999999996,0
1,23,2022,Tunisia,1,Australia,0,0,1,0,1,5,0,1,0,0,3,0,16,59,14,4,0.2857142857142857,1502.596,1481.066,21.529999999999973,1
1,23,2022,Australia,0,Tunisia,1,0,0,1,0,2,1,0,1,0,0,0,15,41,9,2,0.2222222222222222,1481.066,1502.596,-21.529999999999973,1
1,24,2022,France,1,Denmark,1,0,0,2,1,6,0,0,1,1,1,0,4,49,21,6,0.2857142857142857,1773.096,1661.13,111.96600000000012,0
1,24,2022,Denmark,0,France,0,0,1,1,2,4,0,0,0,1,2,0,9,51,10,2,0.2,1661.13,1773.096,-111.96600000000012,0
1,25,2022,Japan,1,Costa Rica,0,0,1,0,1,5,0,0,0,0,3,0,22,57,13,3,0.2307692307692308,1554.052,1494.172,59.87999999999988,1
1,25,2022,Costa Rica,0,Japan,1,0,0,1,0,0,0,0,1,0,3,0,9,43,4,1,0.25,1494.172,1554.052,-59.87999999999988,1
1,26,2022,Spain,1,Germany,0,1,0,1,1,6,0,0,1,1,1,0,13,64,7,3,0.42857142857142855,1712.604,1653.398,59.20600000000013,1
1,26,2022,Germany,0,Spain,0,1,0,1,1,5,0,0,0,1,3,0,11,36,11,4,0.3636363636363637,1653.398,1712.604,-59.20600000000013,1
1,27,2022,Belgium,1,Morocco,0,0,1,0,2,9,0,0,0,0,1,0,10,67,10,3,0.3,1823.2,1556.01,267.19000000000005,1
1,27,2022,Morocco,0,Belgium,1,0,0,2,0,1,0,0,1,0,1,0,14,33,10,4,0.4,1556.01,1823.2,-267.19000000000005,1
1,28,2022,Croatia,1,Canada,1,0,0,4,1,5,2,1,0,1,2,0,13,49,13,10,0.7692307692307693,1630.358,1479.892,150.4659999999999,0
1,28,2022,Canada,0,Croatia,0,0,1,1,4,2,1,2,1,1,2,0,5,51,8,2,0.25,1479.892,1630.358,-150.4659999999999,0
1,29,2022,Cameroon,1,Serbia,0,1,0,3,3,4,1,2,1,1,2,0,8,41,13,8,0.6153846153846154,1480.528,1551.518,-70.99000000000001,0
1,29,2022,Serbia,0,Cameroon,0,1,0,3,3,3,2,1,0,1,2,0,13,59,15,5,0.3333333333333333,1551.518,1480.528,70.99000000000001,0
1,30,2022,Brazil,1,Switzerland,1,0,0,1,0,8,0,0,1,0,1,0,10,54,13,5,0.38461538461538464,1834.506,1631.386,203.12000000000012,0
1,30,2022,Switzerland,0,Brazil,0,0,1,0,1,3,0,0,0,0,1,0,17,46,6,0,0,1631.386,1834.506,-203.12000000000012,0
1,31,2022,South Korea,1,Ghana,0,0,1,2,3,12,0,2,0,1,2,1,13,63,22,6,0.2727272727272727,1524.982,1388.992,135.99,1
1,31,2022,Ghana,0,South Korea,1,0,0,3,2,5,2,0,1,1,2,0,9,37,7,3,0.42857142857142855,1388.992,1524.982,-135.99,1
1,32,2022,Portugal,1,Uruguay,1,0,0,2,0,6,0,0,1,0,3,0,10,59,14,2,0.14285714285714285,1673.778,1634.63,39.14799999999991,0
1,32,2022,Uruguay,0,Portugal,0,0,1,0,2,2,0,0,0,0,2,0,16,41,11,3,0.2727272727272727,1634.63,1673.778,-39.14799999999991,0
1,33,2022,Ecuador,1,Senegal,0,0,1,1,2,3,0,1,0,1,0,0,23,61,9,4,0.4444444444444444,1460.626,1586.872,-126.2460000000001,0
1,33,2022,Senegal,0,Ecuador,1,0,0,2,1,6,1,0,1,1,1,0,11,39,13,2,0.15384615384615383,1586.872,1460.626,126.2460000000001,0
1,34,2022,Netherlands,1,Qatar,1,0,0,0,2,4,1,0,0,0,1,0,19,63,13,4,0.3076923076923077,1673.144,1440.518,232.626,0
1,34,2022,Qatar,0,Netherlands,0,0,1,2,0,2,0,1,1,0,0,0,9,37,5,3,0.6,1440.518,1673.144,-232.626,0
1,35,2022,Wales,1,England,0,0,1,0,3,1,0,0,0,0,2,0,16,36,7,1,0.14285714285714285,1580.034,1744.124,-164.08999999999992,0
1,35,2022,England,0,Wales,1,0,0,3,0,6,0,0,1,0,0,0,9,64,18,7,0.3888888888888889,1744.124,1580.034,164.08999999999992,0
1,36,2022,Iran,1,United States,0,0,1,0,1,1,0,1,0,0,3,0,14,49,4,0,0,1563.854,1634.912,-71.05799999999999,0
1,36,2022,United States,0,Iran,1,0,0,1,0,5,1,0,1,0,1,0,10,51,12,5,0.4166666666666667,1634.912,1563.854,71.05799999999999,0
1,37,2022,Poland,1,Argentina,0,0,1,0,2,1,0,0,0,0,1,0,6,27,4,0,0,1543.154,1769.46,-226.30600000000004,0
1,37,2022,Argentina,0,Poland,1,0,0,2,0,9,0,0,1,0,1,0,11,73,22,10,0.4545454545454546,1769.46,1543.154,226.30600000000004,0
1,38,2022,Saudi Arabia,1,Mexico,0,0,1,1,2,1,0,0,0,1,6,0,20,40,10,2,0.2,1437.58,1650.15,-212.57000000000016,0
1,38,2022,Mexico,0,Saudi Arabia,1,0,0,2,1,8,0,0,1,1,1,0,18,60,26,10,0.38461538461538464,1650.15,1437.58,212.57000000000016,0
1,39,2022,Australia,1,Denmark,1,0,0,1,0,2,0,0,1,0,2,0,11,32,8,4,0.5,1481.066,1661.13,-180.06399999999985,0
1,39,2022,Denmark,0,Australia,0,0,1,0,1,6,0,0,0,0,1,0,10,68,13,3,0.2307692307692308,1661.13,1481.066,180.06399999999985,0
1,40,2022,Tunisia,1,France,1,0,0,1,0,7,0,0,1,0,1,0,14,35,5,3,0.6,1502.596,1773.096,-270.5,0
1,40,2022,France,0,Tunisia,0,0,1,0,1,8,0,0,0,0,0,0,6,65,10,3,0.3,1773.096,1502.596,270.5,0
1,41,2022,Japan,1,Spain,1,0,0,2,1,0,0,1,0,1,3,0,9,18,6,3,0.5,1554.052,1712.604,-158.5520000000001,0
1,41,2022,Spain,0,Japan,0,0,1,1,2,2,1,0,1,1,0,0,6,82,12,5,0.4166666666666667,1712.604,1554.052,158.5520000000001,0
1,42,2022,Costa Rica,1,Germany,0,0,1,2,4,1,0,1,1,1,1,0,3,32,8,6,0.75,1494.172,1653.398,-159.22599999999989,0
1,42,2022,Germany,0,Costa Rica,1,0,0,4,2,14,1,0,0,1,0,0,9,68,32,11,0.34375,1653.398,1494.172,159.22599999999989,0
1,43,2022,Croatia,1,Belgium,0,1,0,0,0,2,0,0,0,0,0,0,7,49,11,4,0.3636363636363637,1630.358,1823.2,-192.8420000000001,0
1,43,2022,Belgium,0,Croatia,0,1,0,0,0,4,0,0,0,0,1,0,9,51,16,3,0.1875,1823.2,1630.358,192.8420000000001,0
1,44,2022,Canada,1,Morocco,0,0,1,1,2,6,1,2,0,1,4,0,14,58,5,0,0,1479.892,1556.01,-76.11799999999994,0
1,44,2022,Morocco,0,Canada,1,0,0,2,1,2,2,1,1,1,0,0,14,42,6,2,0.3333333333333333,1556.01,1479.892,76.11799999999994,0
1,45,2022,Serbia,1,Switzerland,0,0,1,2,3,2,2,2,0,1,7,0,18,54,12,4,0.3333333333333333,1551.518,1631.386,-79.86799999999994,0
1,45,2022,Switzerland,0,Serbia,1,0,0,3,2,0,2,2,1,1,4,0,14,46,14,7,0.5,1631.386,1551.518,79.86799999999994,0
1,46,2022,Cameroon,1,Brazil,1,0,0,1,0,3,0,0,1,0,3,1,14,35,7,3,0.42857142857142855,1480.528,1834.506,-353.97800000000007,0
1,46,2022,Brazil,0,Cameroon,0,0,1,0,1,11,0,0,0,0,2,0,14,65,21,7,0.3333333333333333,1834.506,1480.528,353.97800000000007,0
1,47,2022,Ghana,1,Uruguay,0,0,1,0,2,5,0,2,0,0,2,0,18,51,9,3,0.3333333333333333,1388.992,1634.63,-245.63800000000015,0
1,47,2022,Uruguay,0,Ghana,1,0,0,2,0,2,2,0,1,0,5,0,11,49,12,6,0.5,1634.63,1388.992,245.63800000000015,0
1,48,2022,South Korea,1,Portugal,1,0,0,2,1,5,1,1,0,1,2,0,9,39,13,6,0.4615384615384616,1524.982,1673.778,-148.79600000000005,0
1,48,2022,Portugal,0,South Korea,0,0,1,1,2,4,1,1,1,1,0,0,10,61,13,6,0.4615384615384616,1673.778,1524.982,148.79600000000005,0
1,49,2022,Netherlands,1,United States,1,0,0,3,1,4,2,0,1,1,2,0,10,42,11,6,0.5454545454545454,1673.144,1634.912,38.23199999999997,0
1,49,2022,United States,0,Netherlands,0,0,1,1,3,5,0,2,0,1,0,0,5,58,17,6,0.35294117647058826,1634.912,1673.144,-38.23199999999997,0
1,50,2022,Argentina,1,Australia,1,0,0,2,1,1,1,0,1,1,0,0,8,60,14,5,0.35714285714285715,1769.46,1481.066,288.394,0
1,50,2022,Australia,0,Argentina,0,0,1,1,2,3,0,1,0,1,2,0,15,40,5,1,0.2,1481.066,1769.46,-288.394,0
1,51,2022,France,1,Poland,1,0,0,3,1,7,1,0,1,1,1,0,10,55,16,8,0.5,1773.096,1543.154,229.942,0
1,51,2022,Poland,0,France,0,0,1,1,3,1,0,1,0,1,2,0,8,45,11,1,0.09090909090909093,1543.154,1773.096,-229.942,0
1,52,2022,England,1,Senegal,1,0,0,3,0,3,2,0,1,0,0,0,16,61,8,4,0.5,1744.124,1586.872,157.25199999999995,0
1,52,2022,Senegal,0,England,0,0,1,0,3,3,0,2,0,0,1,0,12,39,10,1,0.1,1586.872,1744.124,-157.25199999999995,0
1,53,2022,Japan,1,Croatia,0,1,0,1,1,8,1,0,1,1,0,0,13,42,13,4,0.3076923076923077,1554.052,1630.358,-76.30600000000004,0
1,53,2022,Croatia,0,Japan,0,1,0,1,1,5,0,1,0,1,2,0,16,58,17,4,0.2352941176470588,1630.358,1554.052,76.30600000000004,0
1,54,2022,Brazil,1,South Korea,1,0,0,4,1,5,4,0,1,1,0,0,8,53,17,8,0.4705882352941176,1834.506,1524.982,309.5240000000001,0
1,54,2022,South Korea,0,Brazil,0,0,1,1,4,4,0,4,0,1,1,0,13,47,8,6,0.75,1524.982,1834.506,-309.5240000000001,0
1,55,2022,Morocco,1,Spain,0,1,0,0,0,0,0,0,0,0,1,0,15,24,6,2,0.3333333333333333,1556.01,1712.604,-156.59400000000005,0
1,55,2022,Spain,0,Morocco,0,1,0,0,0,8,0,0,0,0,1,0,14,76,13,1,0.07692307692307693,1712.604,1556.01,156.59400000000005,0
1,56,2022,Portugal,1,Switzerland,1,0,0,6,1,6,2,0,1,1,0,0,12,47,15,9,0.6,1673.778,1631.386,42.39200000000005,0
1,56,2022,Switzerland,0,Portugal,0,0,1,1,6,6,0,2,0,1,2,0,10,53,10,2,0.2,1631.386,1673.778,-42.39200000000005,0
1,57,2022,Netherlands,1,Argentina,0,1,0,2,2,2,0,1,0,1,7,1,30,52,6,2,0.3333333333333333,1673.144,1769.46,-96.31600000000005,0
1,57,2022,Argentina,0,Netherlands,0,1,0,2,2,8,1,0,1,1,8,0,18,48,13,4,0.3076923076923077,1769.46,1673.144,96.31600000000005,0
1,58,2022,England,1,France,0,0,1,1,2,5,0,1,0,1,1,0,10,57,14,6,0.42857142857142855,1744.124,1773.096,-28.97199999999998,0
1,58,2022,France,0,England,1,0,0,2,1,2,1,0,1,1,3,0,14,43,8,5,0.625,1773.096,1744.124,28.97199999999998,0
1,59,2022,Croatia,1,Brazil,0,1,0,0,0,3,0,0,0,1,2,0,22,51,9,1,0.1111111111111111,1630.358,1834.506,-204.14800000000017,0
1,59,2022,Brazil,0,Croatia,0,1,0,0,0,7,0,0,1,1,3,0,24,49,21,11,0.5238095238095238,1834.506,1630.358,204.14800000000017,0
1,60,2022,Morocco,1,Portugal,1,0,0,1,0,3,1,0,1,0,3,1,15,26,9,3,0.3333333333333333,1556.01,1673.778,-117.76800000000004,0
1,60,2022,Portugal,0,Morocco,0,0,1,0,1,9,0,1,0,0,1,0,9,74,12,3,0.25,1673.778,1556.01,117.76800000000004,0
1,61,2022,Argentina,1,Croatia,1,0,0,3,0,2,2,0,1,1,2,0,15,40,8,6,0.75,1769.46,1630.358,139.1020000000001,0
1,61,2022,Croatia,0,Argentina,0,0,1,0,3,4,0,2,0,0,2,0,8,60,12,2,0.16666666666666666,1630.358,1769.46,-139.1020000000001,0
1,62,2022,France,1,Morocco,1,0,0,2,0,2,1,0,1,1,0,0,10,39,14,2,0.14285714285714285,1773.096,1556.01,217.086,0
1,62,2022,Morocco,0,France,0,0,1,0,2,3,0,1,0,0,1,0,11,61,13,2,0.15384615384615383,1556.01,1773.096,-217.086,0
1,63,2022,Croatia,1,Morocco,1,0,0,2,1,6,2,1,1,1,0,0,13,51,12,4,0.3333333333333333,1630.358,1556.01,74.34799999999996,0
1,63,2022,Morocco,0,Croatia,0,0,1,1,2,3,1,2,0,1,2,0,11,49,9,2,0.2222222222222222,1556.01,1630.358,-74.34799999999996,0
1,64,2022,Argentina,1,France,0,1,0,2,2,6,2,0,1,1,5,0,26,54,20,10,0.5,1769.46,1773.096,-3.6359999999999673,0
1,64,2022,France,0,Argentina,0,1,0,2,2,5,0,2,0,1,3,0,19,46,10,5,0.5,1773.096,1769.46,3.6359999999999673,0
